20250409-120900,12:09:00,Machine B,Mat B1,12,Pending
20250409-121044,12:10:44,Machine B,Mat B2,1,Pending
20250409-121516,12:15:16,Machine B,Mat B2,1,Pending
20250409-121654,12:16:54,Machine B,Mat B2,2,Pending
20250409-121725,12:17:25,Machine A,Mat A2,3,Pending
20250409-121845,12:18:45,Machine B,Mat B2,1,Pending
20250409-122340,12:23:40,Machine C,Mat C2,a,Pending
20250409-122650,12:26:50,Machine B,Mat B2,a,Pending
20250409-122924,12:29:24,Machine A,Mat A2,2,Pending
20250409-123032,12:30:32,Machine A,Mat A2,3,Pending
20250409-130500,13:05:00,Machine A,Mat A1,d,Pending
20250409-131000,13:10:00,Machine C,Mat C1,e,Pending
20250409-131500,13:15:00,Machine B,Mat B2,f,Pending
20250409-132000,13:20:00,Machine A,Mat A3,g,Pending
20250409-132500,13:25:00,Machine C,Mat C3,h,Pending
20250409-133000,13:30:00,Machine B,Mat B1,i,Pending
20250409-133500,13:35:00,Machine A,Mat A2,j,Pending
20250409-134000,13:40:00,Machine C,Mat C2,k,Pending
20250409-134500,13:45:00,Machine B,Mat B3,l,Pending
20250409-135000,13:50:00,Machine A,Mat A1,m,PENDING
20250409-140000,14:00:00,Machine A,Mat A1,5,Pending
20250409-140500,14:05:00,Machine B,Mat B2,6,Pending
20250409-141000,14:10:00,Machine C,Mat C3,a,Pending
20250409-141500,14:15:00,Machine A,Mat A2,b,Pending
20250409-142000,14:20:00,Machine B,Mat B1,c,Pending
20250409-142500,14:25:00,Machine C,Mat C2,d,Pending
20250409-143000,14:30:00,Machine A,Mat A3,e,Pending
20250409-143500,14:35:00,Machine B,Mat B3,f,Pending
20250409-144000,14:40:00,Machine C,Mat C1,g,Pending
20250409-144500,14:45:00,Machine A,Mat A1,h,PENDING
